model,size,paper_name,family,method_config,training_seed,updates,model_identity_sha256,chat_template_sha256
q35_2b_base,2B,Initial student,initial,Qwen3.5 initial model,,0,21861e552a6ab1b338ed30cfd6212c1529591f073f81698f09affc86128347ce,273d8e0e683b885071fb17e08d71e5f2a5ddfb5309756181681de4f5a1822d80
q35_2b_merge_avg,2B,ParamMerge-Avg,merge,parameter average of the three experts,,0,8be8e7631eba596694dac3ca3d77c5b4e405939d351d5418bc7dceb30dcdd700,273d8e0e683b885071fb17e08d71e5f2a5ddfb5309756181681de4f5a1822d80
q35_2b_merge_ta1,2B,ParamMerge-TA,merge,"task arithmetic, lambda = 1",,0,163e48e8be0a192ca0225641a08ea3da2803ccc65d1d3c7f629df332aea541af,273d8e0e683b885071fb17e08d71e5f2a5ddfb5309756181681de4f5a1822d80
q35_2b_ctl_dnorm_s43,2B,"DN-MOPD, seed 43",control,DN-MOPD,43,80,607f833cc16551e439cf582e869d3a5fb2ec96920022ea094094651d12a9aa44,273d8e0e683b885071fb17e08d71e5f2a5ddfb5309756181681de4f5a1822d80
q35_2b_ctl_dnorm_s44,2B,"DN-MOPD, seed 44",control,DN-MOPD,44,80,09d5a3e2aac29b08da872e1e99a3175d73ac72c4f90c3cd2be235fa89c67750b,273d8e0e683b885071fb17e08d71e5f2a5ddfb5309756181681de4f5a1822d80
q35_2b_ctl_fix21q_s42,2B,"Fixed weights (2, 1, 0.25)",control,"fixed w = math 2.0, code 1.0, IF 0.25",42,80,809ff2c70a20873750580f83b13b23482878e3cf48611f2c951d4fddeb0c2a0b,273d8e0e683b885071fb17e08d71e5f2a5ddfb5309756181681de4f5a1822d80
q35_2b_ctl_fixcal_s42,2B,Frozen update-0 DN multipliers,control,"fixed w = math 2.102, code 0.822, IF 0.431",42,80,4e42554ac5a3a500166fbd2c4b1cddb85f0042b245633f64db7469e5b2eb9fd6,273d8e0e683b885071fb17e08d71e5f2a5ddfb5309756181681de4f5a1822d80
q35_2b_ctl_fixif_s42,2B,"Fixed weights (1, 1, 0.25)",control,"fixed w = math 1.0, code 1.0, IF 0.25",42,80,869b8c30a8c07194927f77bc3d9a3af8703b78299bc0fa2ce34ec6c81666860f,273d8e0e683b885071fb17e08d71e5f2a5ddfb5309756181681de4f5a1822d80
q35_2b_ctl_fixmath_s42,2B,"Fixed weights (2, 1, 1)",control,"fixed w = math 2.0, code 1.0, IF 1.0",42,80,1e9738102f66437e6c923c44645db9be57e2e79c552c1a0579d491921520768a,273d8e0e683b885071fb17e08d71e5f2a5ddfb5309756181681de4f5a1822d80
q35_2b_ctl_observe_s42,2B,"Label, seed 42 (records the unapplied DN multipliers)",control,w_d = 1,42,80,e5d5592d3a1f72e27f488b4d7d6a4fc706244b454ca58ca2b718b7be5dfd10fa,273d8e0e683b885071fb17e08d71e5f2a5ddfb5309756181681de4f5a1822d80
q35_2b_ctl_observe_s43,2B,"Label, seed 43 (records the unapplied DN multipliers)",control,w_d = 1,43,80,bcd08c51e2797caa14f9811475c38a4e458e2ddd76c478362358956534a7bfa3,273d8e0e683b885071fb17e08d71e5f2a5ddfb5309756181681de4f5a1822d80
q35_2b_ctl_observe_s44,2B,"Label, seed 44 (records the unapplied DN multipliers)",control,w_d = 1,44,80,95e4297c2f69fd820772b69934a8e9559553f539f73e71a5ef9afb7775051303,273d8e0e683b885071fb17e08d71e5f2a5ddfb5309756181681de4f5a1822d80
q35_2b_s_dynamic,2B,Dynamic router,opd_multi,teacher with lowest mean log-prob on the response,42,80,cb36c365095bac7ec09837786511457d932b3b047a58f64ee1eff3540754f205,273d8e0e683b885071fb17e08d71e5f2a5ddfb5309756181681de4f5a1822d80
q35_2b_s_manneal,2B,Annealed injection,opd_multi,Label + annealed teacher-answer imitation,42,80,96d623daf1e8707ba954006042dfc5fc1dd48ed728b82e8255c761a44a018982,273d8e0e683b885071fb17e08d71e5f2a5ddfb5309756181681de4f5a1822d80
q35_2b_s_mdnorm,2B,DN-MOPD,opd_multi,"w_d = clip(sigma_all / sigma_d, 0.25, 4) per batch",42,80,12efaf474256028f7e5383a45956dadedbb24d352e510df6bcb0ccfa07a11b44,273d8e0e683b885071fb17e08d71e5f2a5ddfb5309756181681de4f5a1822d80
q35_2b_s_mdnorm160,2B,"DN-MOPD, 160 updates",opd_multi,DN-MOPD,42,160,0e2c1b27b6df296bf08a4119a2f16404f4672420386f2d9acf4d2da5b8519fa7,273d8e0e683b885071fb17e08d71e5f2a5ddfb5309756181681de4f5a1822d80
q35_2b_s_pool,2B,Uniform pool,opd_multi,average of teacher probabilities,42,80,b1eb22f935eabdd927d9fa552bb82c3308178b5ae403fa3f38582b7c298a8516,273d8e0e683b885071fb17e08d71e5f2a5ddfb5309756181681de4f5a1822d80
q35_2b_s_route,2B,Label (MOPD with label routing),opd_multi,w_d = 1,42,80,f1bede6b9cd47959ce1fb08acbf62802e2028c09db97363a1ba18f174a2e7f06,273d8e0e683b885071fb17e08d71e5f2a5ddfb5309756181681de4f5a1822d80
q35_2b_s_route160,2B,"Label, 160 updates",opd_multi,w_d = 1,42,160,56cd99fa9666aeee3ff1a1b1af41f17e3a20c450d5504268f34f5d6d4782fcb4,273d8e0e683b885071fb17e08d71e5f2a5ddfb5309756181681de4f5a1822d80
q35_2b_s_singlecode,2B,Single-teacher OPD (code),opd_single,code expert on every prompt,42,80,ae20f9d93a0b6ebc33e2f6280b8b15e084ca84cacf66f0c67015cbee98fda87e,273d8e0e683b885071fb17e08d71e5f2a5ddfb5309756181681de4f5a1822d80
q35_2b_s_singlecode160,2B,"Single-teacher OPD (code), 160 updates",opd_single,code expert,42,160,58715b7c73efc56ebd4ef847207a6a2a2ca9ad72112ca3f600bd830739a1cec5,273d8e0e683b885071fb17e08d71e5f2a5ddfb5309756181681de4f5a1822d80
q35_2b_s_singleifeval,2B,Single-teacher OPD (IF),opd_single,IF expert on every prompt,42,80,f92d6bd1fad5b97bbb76a18feb2a23316cde1f45ef8ad24ae507fc16eed949f2,273d8e0e683b885071fb17e08d71e5f2a5ddfb5309756181681de4f5a1822d80
q35_2b_s_singlemath,2B,Single-teacher OPD (math),opd_single,math expert on every prompt,42,80,d53d7a0ad9d3597f555f1c8f14ad6a5f028763ed0fe87500dbf292c3492d5688,273d8e0e683b885071fb17e08d71e5f2a5ddfb5309756181681de4f5a1822d80
q35_2b_sft_seqkd_s42,2B,SeqKD-SFT,offline,SFT on domain-matched teacher answers,42,84,a128c24266ed1b0d3fa2a141a9a4665c250f27f5f71626fc6b92dd0abfff19f7,273d8e0e683b885071fb17e08d71e5f2a5ddfb5309756181681de4f5a1822d80
q35_2b_t_code,2B,Code expert,rl_expert,GRPO,42,400,551320f8bcf710e91a0d697c6975a1b8affe1c8b678b5a15745b99a419fa130d,273d8e0e683b885071fb17e08d71e5f2a5ddfb5309756181681de4f5a1822d80
q35_2b_t_ifeval,2B,IF expert,rl_expert,GRPO,42,400,e7c5012fa283351cc91cc952109b884f358c8b8dedc4e7d324d1a1080d2f3733,273d8e0e683b885071fb17e08d71e5f2a5ddfb5309756181681de4f5a1822d80
q35_2b_t_math,2B,Math expert,rl_expert,GRPO,42,400,99adab33fce1ec606d4d5cca0149bf802a6fed53c5a71d0d96809fadd612f681,273d8e0e683b885071fb17e08d71e5f2a5ddfb5309756181681de4f5a1822d80
q35_4b_base,4B,Initial student,initial,Qwen3.5 initial model,,0,c6bb548e5d6d30c8b38be5ee37f8089004b11f0cd2e99af3abbb019a094349d8,a4aee8afcf2e0711942cf848899be66016f8d14a889ff9ede07bca099c28f715
q35_4b_merge_avg,4B,ParamMerge-Avg,merge,parameter average of the three experts,,0,c5aed07fe3c2238392fede3c870728908e715cdf28aaedeffbc4411216f560d4,a4aee8afcf2e0711942cf848899be66016f8d14a889ff9ede07bca099c28f715
q35_4b_merge_ta1,4B,ParamMerge-TA,merge,"task arithmetic, lambda = 1",,0,4f203389c29809d9160d951d02e9adee2a3879626f975a3282dd0dd671b38353,a4aee8afcf2e0711942cf848899be66016f8d14a889ff9ede07bca099c28f715
q35_4b_ctl_dnorm_s43,4B,"DN-MOPD, seed 43",control,DN-MOPD,43,80,23ba5797d7ff5493484dbd0bfa1c010621de227f8c8af16abcf09126337c0d15,a4aee8afcf2e0711942cf848899be66016f8d14a889ff9ede07bca099c28f715
q35_4b_ctl_dnorm_s44,4B,"DN-MOPD, seed 44",control,DN-MOPD,44,80,a7c23b7d6fe9373e5ac24ab3485aedf998dba5477808cc14279ff8cc27bf4d1e,a4aee8afcf2e0711942cf848899be66016f8d14a889ff9ede07bca099c28f715
q35_4b_ctl_fix21q_s42,4B,"Fixed weights (2, 1, 0.25)",control,"fixed w = math 2.0, code 1.0, IF 0.25",42,80,c88d0eac2230868fdba499b4918521d9eee1514af877123e1bece3a5b3c255e9,a4aee8afcf2e0711942cf848899be66016f8d14a889ff9ede07bca099c28f715
q35_4b_ctl_fixcal_s42,4B,Frozen update-0 DN multipliers,control,"fixed w = math 2.009, code 0.811, IF 0.341",42,80,8bed447db372e46af60bde75b85ce94bbea306a175ac08b0babfe8e92412c667,a4aee8afcf2e0711942cf848899be66016f8d14a889ff9ede07bca099c28f715
q35_4b_ctl_fixif_s42,4B,"Fixed weights (1, 1, 0.25)",control,"fixed w = math 1.0, code 1.0, IF 0.25",42,80,5f15dafe924c266ce77d045c38dbb6d3038f988165b1001c75a0cac599f5af20,a4aee8afcf2e0711942cf848899be66016f8d14a889ff9ede07bca099c28f715
q35_4b_ctl_fixmath_s42,4B,"Fixed weights (2, 1, 1)",control,"fixed w = math 2.0, code 1.0, IF 1.0",42,80,a444e2f1416625e1cc3dd47add1200139b14588e8c59267e82f2f4e00ad0acdf,a4aee8afcf2e0711942cf848899be66016f8d14a889ff9ede07bca099c28f715
q35_4b_ctl_observe_s42,4B,"Label, seed 42 (records the unapplied DN multipliers)",control,w_d = 1,42,80,d4c32e767dd0de98601000dd1bae677275e15fece68003de8f1e4ff789f24da1,a4aee8afcf2e0711942cf848899be66016f8d14a889ff9ede07bca099c28f715
q35_4b_ctl_observe_s43,4B,"Label, seed 43 (records the unapplied DN multipliers)",control,w_d = 1,43,80,34a1d40e1972d926be762970f779fffe4d26cd32cfcb00057c272075fa67534b,a4aee8afcf2e0711942cf848899be66016f8d14a889ff9ede07bca099c28f715
q35_4b_ctl_observe_s44,4B,"Label, seed 44 (records the unapplied DN multipliers)",control,w_d = 1,44,80,2f690328c37df76404b64d13ebf7492941fdf421d53c5f86aeac00422a7173a6,a4aee8afcf2e0711942cf848899be66016f8d14a889ff9ede07bca099c28f715
q35_4b_s_dynamic,4B,Dynamic router,opd_multi,teacher with lowest mean log-prob on the response,42,80,2fcdf56f8ba347b9c945c1a5e1c6f2f858464d486a5dda47dc3b1a4dc566f904,a4aee8afcf2e0711942cf848899be66016f8d14a889ff9ede07bca099c28f715
q35_4b_s_manneal,4B,Annealed injection,opd_multi,Label + annealed teacher-answer imitation,42,80,29a37904ca0c0d4ff15e64b41f06152b98941f4e35e48e97c9bb12819011f7f1,a4aee8afcf2e0711942cf848899be66016f8d14a889ff9ede07bca099c28f715
q35_4b_s_mdnorm,4B,DN-MOPD,opd_multi,"w_d = clip(sigma_all / sigma_d, 0.25, 4) per batch",42,80,fccf24891a0a690c701bb1040693dc1dda74fef819373464fb12d633e3748c2e,a4aee8afcf2e0711942cf848899be66016f8d14a889ff9ede07bca099c28f715
q35_4b_s_mdnorm160,4B,"DN-MOPD, 160 updates",opd_multi,DN-MOPD,42,160,f5cd0fbd30d87a621168bb32f7de50dfa909fa3c233ef7edb522ebf67ba8475f,a4aee8afcf2e0711942cf848899be66016f8d14a889ff9ede07bca099c28f715
q35_4b_s_pool,4B,Uniform pool,opd_multi,average of teacher probabilities,42,80,6a721ae4ead3f27a923a680b101b83b0a8f4843f7c535a9be96826cbc39435b2,a4aee8afcf2e0711942cf848899be66016f8d14a889ff9ede07bca099c28f715
q35_4b_s_route,4B,Label (MOPD with label routing),opd_multi,w_d = 1,42,80,57ec6e74ef10c9f935e4e441d06fba7d19da3591587a9a74e90e311ef3411ef4,a4aee8afcf2e0711942cf848899be66016f8d14a889ff9ede07bca099c28f715
q35_4b_s_route160,4B,"Label, 160 updates",opd_multi,w_d = 1,42,160,1fce6450d522d1652a34d4517e368a443b0068d4d89217075c9d0580ca74b403,a4aee8afcf2e0711942cf848899be66016f8d14a889ff9ede07bca099c28f715
q35_4b_s_singlecode,4B,Single-teacher OPD (code),opd_single,code expert on every prompt,42,80,ab7c5d6ded32de3b6d85b532923b0d899623e2bbac04c382f602fb76dbd13ec8,a4aee8afcf2e0711942cf848899be66016f8d14a889ff9ede07bca099c28f715
q35_4b_s_singlecode160,4B,"Single-teacher OPD (code), 160 updates",opd_single,code expert,42,160,0473bbcc215788ecf60a43119f8cb76361060d2337ed8fd7dcc3d96078a22622,a4aee8afcf2e0711942cf848899be66016f8d14a889ff9ede07bca099c28f715
q35_4b_s_singleifeval,4B,Single-teacher OPD (IF),opd_single,IF expert on every prompt,42,80,d332999d8a9a43b88f9d8223af8e7ba6dbf2b18ae35259bc94abe65cff65bb8a,a4aee8afcf2e0711942cf848899be66016f8d14a889ff9ede07bca099c28f715
q35_4b_s_singlemath,4B,Single-teacher OPD (math),opd_single,math expert on every prompt,42,80,4f5e1ef3f8cbe6ad7d7e8f5c0fd0a49fba01cd10d5b266ee2d783596afcb35a7,a4aee8afcf2e0711942cf848899be66016f8d14a889ff9ede07bca099c28f715
q35_4b_sft_seqkd_s42,4B,SeqKD-SFT,offline,SFT on domain-matched teacher answers,42,84,0aa87eaeb08d2d005d06c16c77dd4b428206eff408d4da6ff723cca2dbd1b022,a4aee8afcf2e0711942cf848899be66016f8d14a889ff9ede07bca099c28f715
q35_4b_t_code,4B,Code expert,rl_expert,GRPO,42,300,ecb260c72b037ccfabd260784c83eca3dc151a5340af505814101168a41fd4ff,a4aee8afcf2e0711942cf848899be66016f8d14a889ff9ede07bca099c28f715
q35_4b_t_ifeval,4B,IF expert,rl_expert,GRPO,42,400,ba34df8734c2635c650bb41dc4af6684973f1b95d57f345c76710d224fa56af3,a4aee8afcf2e0711942cf848899be66016f8d14a889ff9ede07bca099c28f715
q35_4b_t_math,4B,Math expert,rl_expert,GRPO,42,320,5a8eedf6e540614b770484c927e2f732ca4301cec74d98d481d0e8a20c4e23e8,a4aee8afcf2e0711942cf848899be66016f8d14a889ff9ede07bca099c28f715
q35_9b_base,9B,Initial student,initial,Qwen3.5 initial model,,0,cc25d377338d00d57f1c4acd1f73f97e19bd1c4707ad16268e41c911621bd1c4,a4aee8afcf2e0711942cf848899be66016f8d14a889ff9ede07bca099c28f715
q35_9b_merge_avg,9B,ParamMerge-Avg,merge,parameter average of the three experts,,0,f115b4f477f33b4b3f16a5833d35dd32c9b3ca69fcf66c85f651efea44296a6c,a4aee8afcf2e0711942cf848899be66016f8d14a889ff9ede07bca099c28f715
q35_9b_merge_ta1,9B,ParamMerge-TA,merge,"task arithmetic, lambda = 1",,0,42ccc3808d831dfc852ed14dc23657d7dfbf267aa00f9912450c92f7bd9088ac,a4aee8afcf2e0711942cf848899be66016f8d14a889ff9ede07bca099c28f715
q35_9b_ctl_dnorm_s43,9B,"DN-MOPD, seed 43",control,DN-MOPD,43,80,ad6bfb51734aedb2508cb575e66c20790ae681beb654095638b177df3afd9a30,a4aee8afcf2e0711942cf848899be66016f8d14a889ff9ede07bca099c28f715
q35_9b_ctl_dnorm_s44,9B,"DN-MOPD, seed 44",control,DN-MOPD,44,80,66295f31ae7c4a5849991166139e0aff67813a8d7d46a95277c07933e66a8e94,a4aee8afcf2e0711942cf848899be66016f8d14a889ff9ede07bca099c28f715
q35_9b_ctl_fix21q_s42,9B,"Fixed weights (2, 1, 0.25)",control,"fixed w = math 2.0, code 1.0, IF 0.25",42,80,f67be75b426b19ba9676be3428f6dee798735b3454957c8e2a2af04edb0f986a,a4aee8afcf2e0711942cf848899be66016f8d14a889ff9ede07bca099c28f715
q35_9b_ctl_fixcal_s42,9B,Frozen update-0 DN multipliers,control,"fixed w = math 1.768, code 0.888, IF 0.25",42,80,b0779ac6edd83c926a55633cfba92c6c90f42b52a10383e81b51993144f7967d,a4aee8afcf2e0711942cf848899be66016f8d14a889ff9ede07bca099c28f715
q35_9b_ctl_observe_s42,9B,"Label, seed 42 (records the unapplied DN multipliers)",control,w_d = 1,42,80,022ed38a24fb997da09656acf59843de6588d36cc1a0805aeb87b1edeea9b38a,a4aee8afcf2e0711942cf848899be66016f8d14a889ff9ede07bca099c28f715
q35_9b_ctl_observe_s43,9B,"Label, seed 43 (records the unapplied DN multipliers)",control,w_d = 1,43,80,4a7c2b9abe1a18f866b9b21d46f0607fa8d8a5bab5cfaf357d148354deb75ec0,a4aee8afcf2e0711942cf848899be66016f8d14a889ff9ede07bca099c28f715
q35_9b_ctl_observe_s44,9B,"Label, seed 44 (records the unapplied DN multipliers)",control,w_d = 1,44,80,e7c97851510c01fee3d54ed6c8709c87b10f44aff2ef60619cd076c4225156c0,a4aee8afcf2e0711942cf848899be66016f8d14a889ff9ede07bca099c28f715
q35_9b_s_dynamic,9B,Dynamic router,opd_multi,teacher with lowest mean log-prob on the response,42,80,568ef4c02445a787436bbcd9af83fdbf94f46241d2814e3b106c65e7ad4c079a,a4aee8afcf2e0711942cf848899be66016f8d14a889ff9ede07bca099c28f715
q35_9b_s_manneal,9B,Annealed injection,opd_multi,Label + annealed teacher-answer imitation,42,80,da7ede140effd9bf4fbe02d6f97d8718fc2a9ad5889df064dc721fbe64ac2809,a4aee8afcf2e0711942cf848899be66016f8d14a889ff9ede07bca099c28f715
q35_9b_s_mdnorm,9B,DN-MOPD,opd_multi,"w_d = clip(sigma_all / sigma_d, 0.25, 4) per batch",42,80,21ee24587354ac45a3ea418fbc1ec82e5a0cecb6b1b2342d7ea0c27c68e2ad0a,a4aee8afcf2e0711942cf848899be66016f8d14a889ff9ede07bca099c28f715
q35_9b_s_mdnorm160,9B,"DN-MOPD, 160 updates",opd_multi,DN-MOPD,42,160,657c326609b80876278e5b5cbc0a3fb15b1b4b119f1c94470be71baac42d4358,a4aee8afcf2e0711942cf848899be66016f8d14a889ff9ede07bca099c28f715
q35_9b_s_pool,9B,Uniform pool,opd_multi,average of teacher probabilities,42,80,af1255c6888e9e8223169080d1f60a7c3d3e4e59ca76f7a44ccf245e254db764,a4aee8afcf2e0711942cf848899be66016f8d14a889ff9ede07bca099c28f715
q35_9b_s_route,9B,Label (MOPD with label routing),opd_multi,w_d = 1,42,80,83a7e55d0337f817d02f32a3bed2bc52404a3452dc5e494bfde8bc025854fc31,a4aee8afcf2e0711942cf848899be66016f8d14a889ff9ede07bca099c28f715
q35_9b_s_route160,9B,"Label, 160 updates",opd_multi,w_d = 1,42,160,67f51882bdb6dd14d98c00797194d20ebeca31b7c2215ffd11e80e5e41b81266,a4aee8afcf2e0711942cf848899be66016f8d14a889ff9ede07bca099c28f715
q35_9b_s_singlecode,9B,Single-teacher OPD (code),opd_single,code expert on every prompt,42,80,57ef263a1a5457045d336d2143fe1015d072681bf63ee6b5240e800e32943f51,a4aee8afcf2e0711942cf848899be66016f8d14a889ff9ede07bca099c28f715
q35_9b_s_singlecode160,9B,"Single-teacher OPD (code), 160 updates",opd_single,code expert,42,160,5c39ae2d72f387280490fdcea0b0afc43ef798ee2ab1aa0c2f01dc12d69b3621,a4aee8afcf2e0711942cf848899be66016f8d14a889ff9ede07bca099c28f715
q35_9b_s_singleifeval,9B,Single-teacher OPD (IF),opd_single,IF expert on every prompt,42,80,94da1315f70ceb05b9af25bd77c4328cb2b85f7965564e8977ae3d84e138682a,a4aee8afcf2e0711942cf848899be66016f8d14a889ff9ede07bca099c28f715
q35_9b_s_singleifeval160,9B,"Single-teacher OPD (IF), 160 updates",opd_single,IF expert,42,160,b4ccc7eb282ceb3d6526d31ac95cd0dbb594b7658eac5f88eb44f9d008cf7389,a4aee8afcf2e0711942cf848899be66016f8d14a889ff9ede07bca099c28f715
q35_9b_s_singlemath,9B,Single-teacher OPD (math),opd_single,math expert on every prompt,42,80,3d748ddd61a4e2fad4cf75610ad5dcaf8f9ee96779ffd193f6fd6c114ae3de15,a4aee8afcf2e0711942cf848899be66016f8d14a889ff9ede07bca099c28f715
q35_9b_sft_seqkd_s42,9B,SeqKD-SFT,offline,SFT on domain-matched teacher answers,42,84,3a9a12f17fbd0d3192f7b2c330d49ad15b7ba3359e6a87d28c509770a873f98d,a4aee8afcf2e0711942cf848899be66016f8d14a889ff9ede07bca099c28f715
q35_9b_t_code,9B,Code expert,rl_expert,GRPO,42,200,f7f689cbab5c8c6ec5d3f90310c481cba423d19cac9c5ac10ed5674232fe7e4e,a4aee8afcf2e0711942cf848899be66016f8d14a889ff9ede07bca099c28f715
q35_9b_t_ifeval,9B,IF expert,rl_expert,GRPO,42,400,2cdbb0a8d72c87e5f9efdd2084dc19608ee6df7589d67f6bc20f7f6ebec6c5de,a4aee8afcf2e0711942cf848899be66016f8d14a889ff9ede07bca099c28f715
q35_9b_t_math,9B,Math expert,rl_expert,GRPO,42,250,94f2aa0b3b575abaf9761ca2a409e0b8be6d0324b6e2d42e173d144d94462dff,a4aee8afcf2e0711942cf848899be66016f8d14a889ff9ede07bca099c28f715
