a,b,cap,total_a,total_b,delta_total,ci95_low,ci95_high
q35_9b_s_mdnorm,q35_9b_s_route,16384,59.56259305776704,58.38787993724724,1.1747131205197974,0.27901860450936034,2.02592777459999
q35_9b_s_route,q35_9b_s_singleifeval,16384,58.38787993724724,57.2708160636082,1.1170638736390401,0.2857231751206899,1.9624958133750112
q35_9b_s_mdnorm,q35_9b_s_singleifeval,16384,59.56259305776704,57.2708160636082,2.2917769941588375,1.3512816859239898,3.245250306959693
q35_9b_s_mdnorm,q35_9b_s_singlemath,16384,59.56259305776704,58.11589881916476,1.4466942386022765,0.49707140276978423,2.409350557821183
q35_9b_s_mdnorm,q35_9b_s_singlecode,16384,59.56259305776704,58.48081312124893,1.0817799365181102,0.2025703496020454,1.9761448998732554
q35_9b_s_mdnorm,q35_9b_sft_seqkd_s42,16384,59.56259305776704,62.646855933850105,-3.0842628760830664,-4.078183092681593,-2.118775897930723
q35_9b_s_mdnorm,q35_9b_merge_ta1,16384,59.56259305776704,60.52771910024243,-0.96512604247539,-1.977109554367964,0.023792664964393778
q35_9b_s_route,q35_9b_sft_seqkd_s42,16384,58.38787993724724,62.646855933850105,-4.258975996602864,-5.280587400574589,-3.23106576825499
q35_9b_s_mdnorm,q35_9b_s_route,8192,55.30684743037032,52.83547980836144,2.471367622008877,1.6527907416012508,3.268829720672091
q35_9b_s_route,q35_9b_s_singleifeval,8192,52.83547980836144,50.71407041233966,2.1214093960217824,1.2936335641420715,2.9649867809189514
q35_9b_s_mdnorm,q35_9b_s_singleifeval,8192,55.30684743037032,50.71407041233966,4.5927770180306595,3.5516720984495453,5.641740207256027
q35_9b_s_mdnorm,q35_9b_s_singlemath,8192,55.30684743037032,54.52901095309601,0.777836477274306,-0.12651141568087543,1.678191500383179
q35_9b_s_mdnorm,q35_9b_s_singlecode,8192,55.30684743037032,53.38673505137424,1.9201123789960803,1.104197667758624,2.7112114560790173
q35_9b_s_mdnorm,q35_9b_sft_seqkd_s42,8192,55.30684743037032,59.9420224224555,-4.635174992085183,-5.632291546429191,-3.6575301408861507
q35_9b_s_mdnorm,q35_9b_merge_ta1,8192,55.30684743037032,58.33483451194609,-3.0279870815757732,-4.0311682745464275,-2.0286451554877027
q35_9b_s_route,q35_9b_sft_seqkd_s42,8192,52.83547980836144,59.9420224224555,-7.10654261409406,-8.351607442256691,-5.908537797229784
q35_4b_s_mdnorm,q35_4b_s_route,16384,52.53679496806931,50.301689311281486,2.235105656787823,1.2990869573045853,3.198611849349998
q35_4b_s_route,q35_4b_s_singlecode,16384,50.301689311281486,50.850108478909625,-0.5484191676281398,-1.5769355026606167,0.4633801521868209
q35_4b_s_mdnorm,q35_4b_s_singlecode,16384,52.53679496806931,50.850108478909625,1.6866864891596833,0.7655310588443776,2.6102643270199777
q35_4b_s_mdnorm,q35_4b_s_singlemath,16384,52.53679496806931,49.13852156889021,3.3982733991790965,2.375866826552862,4.424850879725452
q35_4b_s_mdnorm,q35_4b_s_singlecode,16384,52.53679496806931,50.850108478909625,1.6866864891596833,0.7655310588443776,2.6102643270199777
q35_4b_s_mdnorm,q35_4b_sft_seqkd_s42,16384,52.53679496806931,55.87363431090464,-3.336839342835333,-4.306231572440127,-2.370551956433384
q35_4b_s_mdnorm,q35_4b_merge_ta1,16384,52.53679496806931,53.183929290108274,-0.6471343220389656,-1.7160060878073324,0.39929511918970795
q35_4b_s_route,q35_4b_sft_seqkd_s42,16384,50.301689311281486,55.87363431090464,-5.571944999623156,-6.649679122687206,-4.458179392098756
q35_4b_s_mdnorm,q35_4b_s_route,8192,48.56012327569576,45.47701317504064,3.0831101006551194,2.1234280568972754,4.06054589155078
q35_4b_s_route,q35_4b_s_singlecode,8192,45.47701317504064,46.53081320030918,-1.0538000252685435,-1.9619189922022005,-0.13803219851996143
q35_4b_s_mdnorm,q35_4b_s_singlecode,8192,48.56012327569576,46.53081320030918,2.029310075386576,1.0904414909837932,2.9623601155695147
q35_4b_s_mdnorm,q35_4b_s_singlemath,8192,48.56012327569576,46.34995902757024,2.2101642481255155,1.2865322309977993,3.11061897905349
q35_4b_s_mdnorm,q35_4b_s_singlecode,8192,48.56012327569576,46.53081320030918,2.029310075386576,1.0904414909837932,2.9623601155695147
q35_4b_s_mdnorm,q35_4b_sft_seqkd_s42,8192,48.56012327569576,53.32573312522478,-4.765609849529021,-5.730011134676558,-3.8050766098156448
q35_4b_s_mdnorm,q35_4b_merge_ta1,8192,48.56012327569576,51.461452957784815,-2.901329682089056,-3.928125863143115,-1.8816562887450208
q35_4b_s_route,q35_4b_sft_seqkd_s42,8192,45.47701317504064,53.32573312522478,-7.84871995018414,-9.156015724415528,-6.585070830606854
q35_2b_s_mdnorm,q35_2b_s_route,16384,28.960442172384393,26.604025173510916,2.3564169988734776,1.5772812976804735,3.170319481322759
q35_2b_s_route,q35_2b_s_singlecode,16384,26.604025173510916,28.831485310779726,-2.2274601372688103,-3.173252738647343,-1.3126191728389691
q35_2b_s_mdnorm,q35_2b_s_singlecode,16384,28.960442172384393,28.831485310779726,0.12895686160466724,-0.6826305183840561,0.9261291968039965
q35_2b_s_mdnorm,q35_2b_s_singlemath,16384,28.960442172384393,26.790011070742068,2.1704311016423254,1.4343607298979177,2.8903235930601165
q35_2b_s_mdnorm,q35_2b_s_singlecode,16384,28.960442172384393,28.831485310779726,0.12895686160466724,-0.6826305183840561,0.9261291968039965
q35_2b_s_mdnorm,q35_2b_sft_seqkd_s42,16384,28.960442172384393,32.88211853074065,-3.9216763583562546,-4.834468740897087,-3.0794207108843663
q35_2b_s_mdnorm,q35_2b_merge_ta1,16384,28.960442172384393,32.6955364752407,-3.7350943028563073,-4.61217980924868,-2.9192413309548497
q35_2b_s_route,q35_2b_sft_seqkd_s42,16384,26.604025173510916,32.88211853074065,-6.278093357229732,-7.415274417305034,-5.186796272220435
q35_2b_s_mdnorm,q35_2b_s_route,8192,27.874431990477277,24.958959946272405,2.915472044204872,2.0169405637936357,3.852991495842154
q35_2b_s_route,q35_2b_s_singlecode,8192,24.958959946272405,27.080650623868888,-2.121690677596483,-3.0771165544263552,-1.2092634341716173
q35_2b_s_mdnorm,q35_2b_s_singlecode,8192,27.874431990477277,27.080650623868888,0.793781366608389,0.008843910931548613,1.601720910541164
q35_2b_s_mdnorm,q35_2b_s_singlemath,8192,27.874431990477277,25.294368141961826,2.580063848515451,1.9343773274736067,3.2317318059094586
q35_2b_s_mdnorm,q35_2b_s_singlecode,8192,27.874431990477277,27.080650623868888,0.793781366608389,0.008843910931548613,1.601720910541164
q35_2b_s_mdnorm,q35_2b_sft_seqkd_s42,8192,27.874431990477277,32.10792312424267,-4.233491133765391,-5.138210672591861,-3.361247045960123
q35_2b_s_mdnorm,q35_2b_merge_ta1,8192,27.874431990477277,32.27420289251617,-4.399770902038895,-5.352260883800239,-3.5104433074344006
q35_2b_s_route,q35_2b_sft_seqkd_s42,8192,24.958959946272405,32.10792312424267,-7.148963177970263,-8.393607790017514,-5.926669733230154
