size,method,updates,seed,evaluation_cap,aime25,aime26,lcb_v5,lcb_v6,ifeval,ifbench,math,code,if,total
9b,s_route160,160,42,16384,56.979166666666664,63.854166666666664,58.88223552894212,51.047619047619044,84.88909426987061,40.645833333333336,60.416666666666664,54.96492728828058,62.76746380160198,59.38301925218307
9b,s_mdnorm160,160,42,16384,58.854166666666664,70.10416666666667,56.686626746506995,52.47619047619048,85.07393715341959,41.083333333333336,64.47916666666667,54.581408611348735,63.07863524337647,60.713070173797284
9b,s_singleifeval160,160,42,16384,55.833333333333336,61.71875,52.39520958083833,50.09523809523812,85.0854898336414,40.645833333333336,58.77604166666667,51.24522383803823,62.865661583487366,57.62897569606409
9b,s_manneal,80,42,16384,55.78125,63.645833333333336,54.29141716566861,51.99999999999999,84.58872458410352,38.604166666666664,59.71354166666667,53.1457085828343,61.59644562538509,58.15189862496202
4b,s_route160,160,42,16384,47.552083333333336,54.21875,47.3053892215569,42.571428571428584,82.75184842883549,35.208333333333336,50.88541666666667,44.938408896492746,58.98009088108441,51.601305481414606
4b,s_mdnorm160,160,42,16384,50.3125,58.125,47.205588822355274,44.571428571428584,82.31284658040666,35.854166666666664,54.21875,45.88850869689193,59.083506623536664,53.063588440142865
4b,s_singlecode160,160,42,16384,48.28125,55.9375,50.998003992015974,44.47619047619048,78.9279112754159,28.604166666666668,52.109375,47.73709723410323,53.76603897104128,51.20417040171484
4b,s_manneal,80,42,16384,47.604166666666664,55.46875,47.005988023952106,43.23809523809524,81.862292051756,33.3125,51.53645833333333,45.12204163102368,57.587396025878,51.41529866341167
2b,s_route160,160,42,16384,16.354166666666668,19.0625,13.173652694610778,18.76190476190476,71.32624768946395,31.020833333333332,17.708333333333336,15.96777872825777,51.17354051139864,28.283217524329917
2b,s_mdnorm160,160,42,16384,20.0,23.072916666666668,14.47105788423154,20.571428571428573,71.53419593345656,30.645833333333332,21.536458333333336,17.521243227830055,51.090014633394944,30.04923873151945
2b,s_singlecode160,160,42,16384,19.791666666666668,20.729166666666668,18.862275449101798,23.999999999999996,63.886321626617374,25.333333333333332,20.260416666666668,21.431137724550897,44.60982747997535,28.767127290397642
2b,s_manneal,80,42,16384,18.072916666666668,17.447916666666668,11.077844311377245,16.476190476190485,69.95147874306839,28.375,17.760416666666668,13.777017393783865,49.163239371534196,26.90022447732824
9b,s_route160,160,42,8192,47.34375,54.479166666666664,48.60279441117764,44.47619047619048,85.0854898336414,40.291666666666664,50.91145833333333,46.53949244368406,62.68857825015404,53.37984300905715
9b,s_mdnorm160,160,42,8192,52.239583333333336,62.291666666666664,50.299401197604816,45.80952380952381,85.12014787430684,41.229166666666664,57.265625,48.05446250356431,63.17465727048675,56.16491492468369
9b,s_singleifeval160,160,42,8192,45.9375,51.302083333333336,43.712574850299404,43.23809523809524,85.32809611829944,41.041666666666664,48.61979166666667,43.47533504419732,63.18488139248305,51.76000270111569
9b,s_manneal,80,42,8192,46.354166666666664,52.03125,45.109780439121764,42.85714285714285,84.46164510166359,38.229166666666664,49.19270833333333,43.983461648132305,61.34540588416513,51.50719195521025
4b,s_route160,160,42,8192,40.677083333333336,47.34375,38.32335329341316,34.76190476190475,82.57855822550832,35.958333333333336,44.01041666666667,36.54262902765896,59.26844577942083,46.60716382458215
4b,s_mdnorm160,160,42,8192,45.989583333333336,54.895833333333336,42.9141716566866,37.714285714285715,82.60166358595194,36.041666666666664,50.442708333333336,40.31422868548616,59.3216651263093,50.02620071504294
4b,s_singlecode160,160,42,8192,40.989583333333336,47.447916666666664,44.411177644710584,39.42857142857143,79.14741219963031,28.5625,44.21875,41.919874536641004,53.854956099815155,46.66452687881872
4b,s_manneal,80,42,8192,39.635416666666664,44.791666666666664,36.02794411177644,34.85714285714287,81.78142329020332,33.3125,42.213541666666664,35.442543484459655,57.54696164510166,45.067682265409324
2b,s_route160,160,42,8192,15.0,14.6875,8.78243512974052,16.380952380952383,71.11829944547135,31.041666666666668,14.84375,12.581693755346452,51.07998305606901,26.168475603805152
2b,s_mdnorm160,160,42,8192,18.645833333333332,19.947916666666668,11.57684630738523,17.80952380952381,71.63817005545286,30.770833333333332,19.296875,14.693185058454521,51.204501694393095,28.398187250949206
2b,s_singlecode160,160,42,8192,17.083333333333332,17.1875,16.66666666666667,21.809523809523803,63.5050831792976,24.958333333333332,17.135416666666664,19.238095238095237,44.231708256315464,26.868406720359122
2b,s_manneal,80,42,8192,13.802083333333334,12.083333333333334,8.98203592814371,14.952380952380961,69.97458410351202,28.916666666666668,12.942708333333334,11.967208440262336,49.44562538508934,24.78518071956167
