size,evaluation_cap,method_a,method_b,delta_total_pp,paired_ci95_low,paired_ci95_high,bootstrap_replicates,bootstrap_seed
9b,16384,s_mdnorm160,s_route160,1.3300509216142173,0.42118187432458387,2.2157794753717193,10000,20260923
9b,16384,s_manneal,s_route,-0.23598131228521285,-0.9783503747857026,0.5110930737053749,10000,20260923
9b,16384,s_mdnorm,s_manneal,1.4106944328050302,0.47650601714173546,2.337356140458169,10000,20260923
4b,16384,s_mdnorm160,s_route160,1.462282958728256,0.5280527363161629,2.404784634105721,10000,20260923
4b,16384,s_manneal,s_route,1.1136093521301726,0.28365521461532983,1.9532009928299374,10000,20260923
4b,16384,s_mdnorm,s_manneal,1.1214963046576483,0.20251627650319473,2.044950388507598,10000,20260923
2b,16384,s_mdnorm160,s_route160,1.7660212071895298,0.9661466190632774,2.6000076863453567,10000,20260923
2b,16384,s_manneal,s_route,0.2961993038173307,-0.2707491293543973,0.8693607538081561,10000,20260923
2b,16384,s_mdnorm,s_manneal,2.0602176950561506,1.2567898940615598,2.8992636958940143,10000,20260923
9b,8192,s_mdnorm160,s_route160,2.7850719156265455,1.9336768620963778,3.647173675449141,10000,20260923
9b,8192,s_manneal,s_route,-1.328287853151193,-2.040612237944892,-0.6471023253505096,10000,20260923
9b,8192,s_mdnorm,s_manneal,3.7996554751600575,2.9126756891194066,4.686399870880324,10000,20260923
4b,8192,s_mdnorm160,s_route160,3.419036890460781,2.426482976292266,4.42569197367412,10000,20260923
4b,8192,s_manneal,s_route,-0.40933090963131613,-1.1264178218550793,0.3410443306679484,10000,20260923
4b,8192,s_mdnorm,s_manneal,3.4924410102864405,2.4834508401420687,4.512745848441528,10000,20260923
2b,8192,s_mdnorm160,s_route160,2.2297116471440517,1.4571816200031065,3.047038531271341,10000,20260923
2b,8192,s_manneal,s_route,-0.1737792267107349,-0.6854532020453196,0.3370154337757454,10000,20260923
2b,8192,s_mdnorm,s_manneal,3.089251270915611,2.1692267076208687,4.058986593216721,10000,20260923
