size,cap,domain,a,b,mean_a,mean_b,delta,ci_low,ci_high,bootstrap_replicates,bootstrap_seed
9b,16384,math,s_route,base,59.270833,60.130208,-0.859375,-2.421875,0.755208,10000,20260923
9b,16384,math,s_mdnorm,base,63.255208,60.130208,3.125000,1.197917,5.026042,10000,20260923
9b,16384,math,s_pool,base,61.484375,60.130208,1.354167,-0.052734,2.734375,10000,20260923
9b,16384,math,s_dynamic,base,59.973958,60.130208,-0.156250,-1.797526,1.458333,10000,20260923
9b,16384,math,t_math,base,64.583333,60.130208,4.453125,2.552083,6.354167,10000,20260923
9b,16384,math,s_mdnorm,s_route,63.255208,59.270833,3.984375,2.317708,5.677083,10000,20260923
9b,16384,math,s_mdnorm160,s_route160,64.479167,60.416667,4.062500,2.213542,5.989583,10000,20260923
9b,16384,code,s_route,base,54.678928,53.159395,1.519532,-0.460557,3.567151,10000,20260923
9b,16384,code,s_mdnorm,base,53.857998,53.159395,0.698603,-1.104363,2.510750,10000,20260923
9b,16384,code,s_pool,base,52.939264,53.159395,-0.220131,-2.206737,1.712290,10000,20260923
9b,16384,code,s_dynamic,base,53.456516,53.159395,0.297120,-1.614827,2.256694,10000,20260923
9b,16384,code,t_code,base,56.384374,53.159395,3.224979,1.299351,5.229883,10000,20260923
9b,16384,code,s_mdnorm,s_route,53.857998,54.678928,-0.820930,-2.782442,1.064036,10000,20260923
9b,16384,code,s_mdnorm160,s_route160,54.581409,54.964927,-0.383519,-2.270374,1.514685,10000,20260923
9b,16384,if,s_route,base,61.213879,58.088051,3.125828,2.172708,4.114381,10000,20260923
9b,16384,if,s_mdnorm,base,61.574573,58.088051,3.486522,2.517289,4.495075,10000,20260923
9b,16384,if,s_pool,base,59.518908,58.088051,1.430857,0.825447,2.053968,10000,20260923
9b,16384,if,s_dynamic,base,60.997208,58.088051,2.909157,2.103952,3.710524,10000,20260923
9b,16384,if,t_ifeval,base,64.287989,58.088051,6.199938,5.031962,7.440581,10000,20260923
9b,16384,if,s_mdnorm,s_route,61.574573,61.213879,0.360694,-0.087037,0.819689,10000,20260923
9b,16384,if,s_mdnorm160,s_route160,63.078635,62.767464,0.311171,-0.106352,0.738921,10000,20260923
9b,16384,math,s_singlemath,base,64.218750,60.130208,4.088542,2.161458,6.041667,10000,20260923
9b,16384,total,s_route,s_singlemath,58.387880,58.115899,0.271981,-0.697424,1.264194,10000,20260923
9b,16384,total,s_route,s_singlecode,58.387880,58.480813,-0.092933,-0.999564,0.828157,10000,20260923
9b,16384,total,s_route,s_singleifeval,58.387880,57.270816,1.117064,0.285723,1.962496,10000,20260923
9b,16384,total,s_mdnorm,s_singlemath,59.562593,58.115899,1.446694,0.497071,2.409351,10000,20260923
9b,16384,total,s_mdnorm,s_singlecode,59.562593,58.480813,1.081780,0.202570,1.976145,10000,20260923
9b,16384,total,s_mdnorm,s_singleifeval,59.562593,57.270816,2.291777,1.351282,3.245250,10000,20260923
9b,8192,math,s_route,base,51.145833,48.098958,3.046875,1.484375,4.661458,10000,20260923
9b,8192,math,s_mdnorm,base,55.651042,48.098958,7.552083,5.260417,9.947917,10000,20260923
9b,8192,math,s_pool,base,52.500000,48.098958,4.401042,2.473958,6.562500,10000,20260923
9b,8192,math,s_dynamic,base,49.817708,48.098958,1.718750,0.416667,3.072917,10000,20260923
9b,8192,math,t_math,base,60.416667,48.098958,12.317708,8.932292,15.755208,10000,20260923
9b,8192,math,s_mdnorm,s_route,55.651042,51.145833,4.505208,2.838542,6.171875,10000,20260923
9b,8192,math,s_mdnorm160,s_route160,57.265625,50.911458,6.354167,4.479167,8.333333,10000,20260923
9b,8192,code,s_route,base,46.038209,43.600228,2.437981,0.818591,4.127851,10000,20260923
9b,8192,code,s_mdnorm,base,48.548902,43.600228,4.948674,3.104933,6.835472,10000,20260923
9b,8192,code,s_pool,base,45.947534,43.600228,2.347305,0.698211,4.007471,10000,20260923
9b,8192,code,s_dynamic,base,46.042772,43.600228,2.442543,0.644083,4.277495,10000,20260923
9b,8192,code,t_code,base,49.238380,43.600228,5.638152,3.681202,7.631651,10000,20260923
9b,8192,code,s_mdnorm,s_route,48.548902,46.038209,2.510693,0.784994,4.222983,10000,20260923
9b,8192,code,s_mdnorm160,s_route160,48.054463,46.539492,1.514970,-0.142914,3.141146,10000,20260923
9b,8192,if,s_route,base,61.322397,58.003966,3.318430,2.326946,4.342200,10000,20260923
9b,8192,if,s_mdnorm,base,61.720598,58.003966,3.716632,2.704471,4.761146,10000,20260923
9b,8192,if,s_pool,base,59.633587,58.003966,1.629621,1.016162,2.269307,10000,20260923
9b,8192,if,s_dynamic,base,60.861984,58.003966,2.858018,2.018685,3.692118,10000,20260923
9b,8192,if,t_ifeval,base,64.176910,58.003966,6.172944,4.979661,7.391454,10000,20260923
9b,8192,if,s_mdnorm,s_route,61.720598,61.322397,0.398202,-0.063443,0.890076,10000,20260923
9b,8192,if,s_mdnorm160,s_route160,63.174657,62.688578,0.486079,0.057008,0.919788,10000,20260923
9b,8192,math,s_singlemath,base,58.802083,48.098958,10.703125,7.500000,14.036458,10000,20260923
9b,8192,total,s_route,s_singlemath,52.835480,54.529011,-1.693531,-2.841892,-0.583267,10000,20260923
9b,8192,total,s_route,s_singlecode,52.835480,53.386735,-0.551255,-1.356962,0.230472,10000,20260923
9b,8192,total,s_route,s_singleifeval,52.835480,50.714070,2.121409,1.293634,2.964987,10000,20260923
9b,8192,total,s_mdnorm,s_singlemath,55.306847,54.529011,0.777836,-0.126511,1.678192,10000,20260923
9b,8192,total,s_mdnorm,s_singlecode,55.306847,53.386735,1.920112,1.104198,2.711211,10000,20260923
9b,8192,total,s_mdnorm,s_singleifeval,55.306847,50.714070,4.592777,3.551672,5.641740,10000,20260923
4b,16384,math,s_route,base,50.208333,52.187500,-1.979167,-3.776042,-0.182292,10000,20260923
4b,16384,math,s_mdnorm,base,53.958333,52.187500,1.770833,0.052083,3.645833,10000,20260923
4b,16384,math,s_pool,base,52.317708,52.187500,0.130208,-1.328125,1.614583,10000,20260923
4b,16384,math,s_dynamic,base,49.947917,52.187500,-2.239583,-3.880859,-0.572917,10000,20260923
4b,16384,math,t_math,base,54.244792,52.187500,2.057292,-0.234375,4.531250,10000,20260923
4b,16384,math,s_mdnorm,s_route,53.958333,50.208333,3.750000,1.953125,5.598958,10000,20260923
4b,16384,math,s_mdnorm160,s_route160,54.218750,50.885417,3.333333,1.562500,5.208333,10000,20260923
4b,16384,code,s_route,base,43.296550,38.084688,5.211862,2.909887,7.543484,10000,20260923
4b,16384,code,s_mdnorm,base,45.430567,38.084688,7.345880,5.000399,9.693242,10000,20260923
4b,16384,code,s_pool,base,41.520673,38.084688,3.435985,1.669233,5.250470,10000,20260923
4b,16384,code,s_dynamic,base,44.731965,38.084688,6.647277,4.592750,8.804163,10000,20260923
4b,16384,code,t_code,base,47.369547,38.084688,9.284859,7.003137,11.661869,10000,20260923
4b,16384,code,s_mdnorm,s_route,45.430567,43.296550,2.134018,0.020409,4.277502,10000,20260923
4b,16384,code,s_mdnorm160,s_route160,45.888509,44.938409,0.950100,-1.163723,3.090961,10000,20260923
4b,16384,if,s_route,base,57.400185,52.750424,4.649761,3.543982,5.772219,10000,20260923
4b,16384,if,s_mdnorm,base,58.221484,52.750424,5.471061,4.323187,6.629024,10000,20260923
4b,16384,if,s_pool,base,54.997651,52.750424,2.247227,1.552724,2.953295,10000,20260923
4b,16384,if,s_dynamic,base,57.077364,52.750424,4.326941,3.341913,5.371736,10000,20260923
4b,16384,if,t_ifeval,base,60.599006,52.750424,7.848583,6.446729,9.267507,10000,20260923
4b,16384,if,s_mdnorm,s_route,58.221484,57.400185,0.821299,0.288030,1.382187,10000,20260923
4b,16384,if,s_mdnorm160,s_route160,59.083507,58.980091,0.103416,-0.375176,0.586744,10000,20260923
4b,16384,math,s_singlemath,base,53.880208,52.187500,1.692708,-0.416667,3.906250,10000,20260923
4b,16384,total,s_route,s_singlemath,50.301689,49.138522,1.163168,0.126143,2.202804,10000,20260923
4b,16384,total,s_route,s_singlecode,50.301689,50.850108,-0.548419,-1.576936,0.463380,10000,20260923
4b,16384,total,s_route,s_singleifeval,50.301689,49.012751,1.288938,0.415155,2.182763,10000,20260923
4b,16384,total,s_mdnorm,s_singlemath,52.536795,49.138522,3.398273,2.375867,4.424851,10000,20260923
4b,16384,total,s_mdnorm,s_singlecode,52.536795,50.850108,1.686686,0.765531,2.610264,10000,20260923
4b,16384,total,s_mdnorm,s_singleifeval,52.536795,49.012751,3.524044,2.527259,4.500389,10000,20260923
4b,8192,math,s_route,base,42.239583,40.416667,1.822917,0.078125,3.645833,10000,20260923
4b,8192,math,s_mdnorm,base,49.661458,40.416667,9.244792,6.250000,12.343750,10000,20260923
4b,8192,math,s_pool,base,46.171875,40.416667,5.755208,3.619792,8.020833,10000,20260923
4b,8192,math,s_dynamic,base,42.057292,40.416667,1.640625,-0.442708,3.828125,10000,20260923
4b,8192,math,t_math,base,53.281250,40.416667,12.864583,9.244792,16.770833,10000,20260923
4b,8192,math,s_mdnorm,s_route,49.661458,42.239583,7.421875,5.208333,9.739583,10000,20260923
4b,8192,math,s_mdnorm160,s_route160,50.442708,44.010417,6.432292,4.218750,8.776042,10000,20260923
4b,8192,code,s_route,base,36.483604,31.366980,5.116624,3.125128,7.162361,10000,20260923
4b,8192,code,s_mdnorm,base,37.765041,31.366980,6.398061,4.236612,8.704919,10000,20260923
4b,8192,code,s_pool,base,33.532934,31.366980,2.165954,0.514963,3.862283,10000,20260923
4b,8192,code,s_dynamic,base,36.542629,31.366980,5.175649,3.213858,7.264435,10000,20260923
4b,8192,code,t_code,base,42.518392,31.366980,11.151411,8.745024,13.748268,10000,20260923
4b,8192,code,s_mdnorm,s_route,37.765041,36.483604,1.281437,-0.460222,3.036841,10000,20260923
4b,8192,code,s_mdnorm160,s_route160,40.314229,36.542629,3.771600,1.778101,5.817273,10000,20260923
4b,8192,if,s_route,base,57.707852,53.056955,4.650897,3.529127,5.813963,10000,20260923
4b,8192,if,s_mdnorm,base,58.253870,53.056955,5.196915,4.002066,6.452875,10000,20260923
4b,8192,if,s_pool,base,54.824264,53.056955,1.767310,1.081328,2.486938,10000,20260923
4b,8192,if,s_dynamic,base,56.814676,53.056955,3.757721,2.748631,4.795834,10000,20260923
4b,8192,if,t_ifeval,base,60.546827,53.056955,7.489872,6.095640,8.932510,10000,20260923
4b,8192,if,s_mdnorm,s_route,58.253870,57.707852,0.546018,0.038449,1.055313,10000,20260923
4b,8192,if,s_mdnorm160,s_route160,59.321665,59.268446,0.053219,-0.429360,0.532407,10000,20260923
4b,8192,math,s_singlemath,base,52.161458,40.416667,11.744792,8.125000,15.495443,10000,20260923
4b,8192,total,s_route,s_singlemath,45.477013,46.349959,-0.872946,-2.061079,0.290978,10000,20260923
4b,8192,total,s_route,s_singlecode,45.477013,46.530813,-1.053800,-1.961919,-0.138032,10000,20260923
4b,8192,total,s_route,s_singleifeval,45.477013,43.303545,2.173469,1.392987,2.982546,10000,20260923
4b,8192,total,s_mdnorm,s_singlemath,48.560123,46.349959,2.210164,1.286532,3.110619,10000,20260923
4b,8192,total,s_mdnorm,s_singlecode,48.560123,46.530813,2.029310,1.090441,2.962360,10000,20260923
4b,8192,total,s_mdnorm,s_singleifeval,48.560123,43.303545,5.256579,4.198955,6.331019,10000,20260923
2b,16384,math,s_route,base,16.953125,17.552083,-0.598958,-1.875000,0.729167,10000,20260923
2b,16384,math,s_mdnorm,base,20.677083,17.552083,3.125000,1.250000,5.260417,10000,20260923
2b,16384,math,s_pool,base,19.921875,17.552083,2.369792,0.520833,4.348958,10000,20260923
2b,16384,math,s_dynamic,base,17.343750,17.552083,-0.208333,-1.588542,1.171875,10000,20260923
2b,16384,math,t_math,base,22.135417,17.552083,4.583333,2.473958,6.953125,10000,20260923
2b,16384,math,s_mdnorm,s_route,20.677083,16.953125,3.723958,2.031250,5.521484,10000,20260923
2b,16384,math,s_mdnorm160,s_route160,21.536458,17.708333,3.828125,2.109375,5.677083,10000,20260923
2b,16384,code,s_route,base,13.402908,11.252923,2.149986,0.625891,3.760194,10000,20260923
2b,16384,code,s_mdnorm,base,16.283148,11.252923,5.030225,3.474480,6.649558,10000,20260923
2b,16384,code,s_pool,base,14.602509,11.252923,3.349587,1.886741,4.866838,10000,20260923
2b,16384,code,s_dynamic,base,13.781580,11.252923,2.528657,1.056744,3.998289,10000,20260923
2b,16384,code,t_code,base,21.553750,11.252923,10.300827,8.137154,12.551062,10000,20260923
2b,16384,code,s_mdnorm,s_route,16.283148,13.402908,2.880240,1.314984,4.438323,10000,20260923
2b,16384,code,s_mdnorm160,s_route160,17.521243,15.967779,1.553464,0.004555,3.104648,10000,20260923
2b,16384,if,s_route,base,49.456042,43.327268,6.128774,5.031249,7.257051,10000,20260923
2b,16384,if,s_mdnorm,base,49.921095,43.327268,6.593827,5.502396,7.740430,10000,20260923
2b,16384,if,s_pool,base,46.189233,43.327268,2.861965,2.146348,3.605721,10000,20260923
2b,16384,if,s_dynamic,base,48.476510,43.327268,5.149241,4.164855,6.138907,10000,20260923
2b,16384,if,t_ifeval,base,52.760802,43.327268,9.433534,8.042416,10.891562,10000,20260923
2b,16384,if,s_mdnorm,s_route,49.921095,49.456042,0.465053,-0.093675,1.029846,10000,20260923
2b,16384,if,s_mdnorm160,s_route160,51.090015,51.173541,-0.083526,-0.669596,0.507090,10000,20260923
2b,16384,math,s_singlemath,base,22.057292,17.552083,4.505208,2.447917,6.744792,10000,20260923
2b,16384,total,s_route,s_singlemath,26.604025,26.790011,-0.185986,-1.112174,0.729004,10000,20260923
2b,16384,total,s_route,s_singlecode,26.604025,28.831485,-2.227460,-3.173253,-1.312619,10000,20260923
2b,16384,total,s_route,s_singleifeval,26.604025,25.794906,0.809119,0.158063,1.471745,10000,20260923
2b,16384,total,s_mdnorm,s_singlemath,28.960442,26.790011,2.170431,1.434361,2.890324,10000,20260923
2b,16384,total,s_mdnorm,s_singlecode,28.960442,28.831485,0.128957,-0.682631,0.926129,10000,20260923
2b,16384,total,s_mdnorm,s_singleifeval,28.960442,25.794906,3.165536,2.308665,4.090557,10000,20260923
2b,8192,math,s_route,base,13.125000,9.557292,3.567708,2.187500,5.078125,10000,20260923
2b,8192,math,s_mdnorm,base,19.479167,9.557292,9.921875,6.640625,13.437500,10000,20260923
2b,8192,math,s_pool,base,15.625000,9.557292,6.067708,3.776042,8.489583,10000,20260923
2b,8192,math,s_dynamic,base,13.020833,9.557292,3.463542,2.109375,4.973958,10000,20260923
2b,8192,math,t_math,base,20.572917,9.557292,11.015625,7.083333,15.130208,10000,20260923
2b,8192,math,s_mdnorm,s_route,19.479167,13.125000,6.354167,4.114583,8.802083,10000,20260923
2b,8192,math,s_mdnorm160,s_route160,19.296875,14.843750,4.453125,2.604167,6.458333,10000,20260923
2b,8192,code,s_route,base,12.130596,9.792415,2.338181,1.020530,3.735158,10000,20260923
2b,8192,code,s_mdnorm,base,14.262332,9.792415,4.469917,3.070716,5.914792,10000,20260923
2b,8192,code,s_pool,base,11.781295,9.792415,1.988879,0.881900,3.149986,10000,20260923
2b,8192,code,s_dynamic,base,11.726832,9.792415,1.934417,0.607642,3.311263,10000,20260923
2b,8192,code,t_code,base,17.786712,9.792415,7.994297,6.179926,9.924209,10000,20260923
2b,8192,code,s_mdnorm,s_route,14.262332,12.130596,2.131737,0.723410,3.535557,10000,20260923
2b,8192,code,s_mdnorm160,s_route160,14.693185,12.581694,2.111491,0.816203,3.467693,10000,20260923
2b,8192,if,s_route,base,49.621284,43.828866,5.792418,4.723459,6.895717,10000,20260923
2b,8192,if,s_mdnorm,base,49.881797,43.828866,6.052931,4.993623,7.166852,10000,20260923
2b,8192,if,s_pool,base,45.982228,43.828866,2.153362,1.475061,2.843718,10000,20260923
2b,8192,if,s_dynamic,base,48.838436,43.828866,5.009569,4.050734,6.011224,10000,20260923
2b,8192,if,t_ifeval,base,52.607864,43.828866,8.778997,7.398864,10.227850,10000,20260923
2b,8192,if,s_mdnorm,s_route,49.881797,49.621284,0.260513,-0.288535,0.813162,10000,20260923
2b,8192,if,s_mdnorm160,s_route160,51.204502,51.079983,0.124519,-0.394728,0.642413,10000,20260923
2b,8192,math,s_singlemath,base,20.182292,9.557292,10.625000,7.135417,14.322917,10000,20260923
2b,8192,total,s_route,s_singlemath,24.958960,25.294368,-0.335408,-1.391218,0.667023,10000,20260923
2b,8192,total,s_route,s_singlecode,24.958960,27.080651,-2.121691,-3.077117,-1.209263,10000,20260923
2b,8192,total,s_route,s_singleifeval,24.958960,22.972753,1.986207,1.345896,2.664861,10000,20260923
2b,8192,total,s_mdnorm,s_singlemath,27.874432,25.294368,2.580064,1.934377,3.231732,10000,20260923
2b,8192,total,s_mdnorm,s_singlecode,27.874432,27.080651,0.793781,0.008844,1.601721,10000,20260923
2b,8192,total,s_mdnorm,s_singleifeval,27.874432,22.972753,4.901679,3.760263,6.092885,10000,20260923
